Workbook

Sheet Soluzione Es.2
A1: 2. Si disegni il grafo delle dipendenze e si deduca il numero minimo di periodi di clock necessario a eseguire il codice assegnato tenendo conto solo delle dipendenze trovate (1 punto).
A2: ID | B2: Blocco di Codice assegnato | D2: Alee: (WAW, RAW, WAR) #si inseriscano le alee presenti per istruzione. | G2: Si compilino i campi in arancione con le risposte
A3: 1 | B3: ='Soluzione Es.3 '!B13 -> fdiv.s | C3: ='Soluzione Es.3 '!C13&","&'Soluzione Es.3 '!D13&","&'Soluzione Es.3 '!E13 -> f1,f10,f2 | G3: Nome
A4: 2 | B4: ='Soluzione Es.3 '!B14 -> fdiv.s | C4: ='Soluzione Es.3 '!C14&","&'Soluzione Es.3 '!D14&","&'Soluzione Es.3 '!E14 -> f6,f1,f5 | D4: RAW F1 | G4: Cognome
A5: 3 | B5: ='Soluzione Es.3 '!B15 -> fadd.s | C5: ='Soluzione Es.3 '!C15&","&'Soluzione Es.3 '!D15&","&'Soluzione Es.3 '!E15 -> f6,f2,f3 | D5: WAW F6 | G5: Matricola
A6: 4 | B6: ='Soluzione Es.3 '!B16 -> fadd.s | C6: ='Soluzione Es.3 '!C16&","&'Soluzione Es.3 '!D16&","&'Soluzione Es.3 '!E16 -> f3,f8,f2 | D6: WAR F3
A7: 5 | B7: ='Soluzione Es.3 '!B17 -> fdiv.s | C7: ='Soluzione Es.3 '!C17&","&'Soluzione Es.3 '!D17&","&'Soluzione Es.3 '!E17 -> f4,f6,f1 | D7: RAW F6, RAW F1
A8: 6 | B8: ='Soluzione Es.3 '!B18 -> fmul.s | C8: ='Soluzione Es.3 '!C18&","&'Soluzione Es.3 '!D18&","&'Soluzione Es.3 '!E18 -> f6,f10,f5 | D8: WAR F6, WAW F6
A10: Descrizione unità di esecuzione | E10: Numero di unità funzionali nel datapath | H10: Numero di reservation stations per unità funionale.
A11: A: | B11: FADD | C11: 2 | D11: T | E11: 1 | H11: 2
A12: M: | B12: FMUL | C12: 3 | D12: T | E12: 1 | H12: 2
A13: D: | B13: FDIV | C13: 4 | D13: T | E13: 1 | H13: 2
A15: Da completare con la soluzione dell'esercizio. Si riporti il grafo delle dipendenze e si deduca il numero minimo di periodi di clock necessario a eseguire il codice assegnato tenendo conto solo delle dipendenze trovate. Si codifichi il grafo delle dipendenze come una lista con il seguente formato: si descrivano i nodi del grafo tra parentesi tonde. Separando il numero dell'istruzione ed il numero di cicli spesi in execute dell'istruzione con una virgola all'interno di parentesi tonde. Es.: (id_istruzione, numero_cicli)
A16: Dipendenze | E16: Si completi con il numero di cicli di clock spesi nei differenti stadi della pipeline per ciascun thread di istruzioni. Ciascun thread identifica un flusso indipenente di codice.
A17: (A,B): A è l'id dell'istruzione e B è il numero di cicli dell'EX | E17: IF | G17: ID | I17: EX | K17: WB | M17: Tot
A19: (1,4)→(2,4)→ | E19: 1 | G19: 1 | I19: 8 | K19: 2 | M19: 12
A20: (1,4)→(5,4)→ | E20: 1 | G20: 1 | I20: 8 | K20: 2 | M20: 12
A21: (3,2)→(5,4)→ | E21: 1 | G21: 1 | I21: 6 | K21: 2 | M21: 10
A24: Si compili il campo seguente con la descrizione (risposta e motivazione)
A25: Tempo minimo di esecuzione = 12 clock

Sheet Soluzione Es.3 
A1: 3. Si mostri la dinamica dell’esecuzione nel caso della CPU considerata nel punto 1 con 1 CRB, uno stadio di IF e uno di ID, e 2 RS per ognuna delle tre unità funzionali | AM1: (3 punti)
A2: (si ipotizzi che, in caso di conflitti sul CRB, la fase di WB dell'unità D abbia la priorità sulle altre).
A3: Descrizione unità di esecuzione | E3: Numero di unità funzionali nel datapath | H3: Numero di reservation stations per unità funionale. | Q3: Si compilino i campi in arancione con le risposte
A4: A: | B4: FADD | C4: 2 | D4: T | E4: 1 | H4: 2 | Q4: Nome
A5: M: | B5: FMUL | C5: 3 | D5: T | E5: 1 | H5: 2 | Q5: Cognome
A6: D: | B6: FDIV | C6: 4 | D6: T | E6: 1 | H6: 2 | Q6: Matricola
A7: CRB | E7: 1
A9: Si mostri la dinamica dell’esecuzione nel caso della CPU considerata per il blocco di codice riportato. (Si ipotizzi che, in caso di conflitti sul CRB, la fase di WB dell'unità D abbia la priorità sulle altre).
A10: #Si riempiano le caselle con i seguenti simboli : [IF, ID, A0_W, A0_R, A0_E, A1_W, A1_R, A1_E, M0_W, M0_R, M0_E, M1_W, M1_R, M1_E, D0_W, D0_R, D0_E, D1_W, D1_R, D1_E, WB]
A11: ID | B11: Instr | C11: Rd | D11: Rs1 | E11: Rs2 | F11: T1 | H11: T2 | J11: T3 | L11: T4 | N11: T5 | P11: T6 | R11: T7 | T11: T8 | V11: T9 | X11: T10 | Z11: T11 | AB11: T12 | AD11: T13 | AF11: T14 | AH11: T15 | AJ11: T16 | AL11: T17 | AN11: T18 | AP11: T19 | AR11: T20 | AT11: T21 | AV11: T22
B12: Blocco di codice | F12: H | G12: L | H12: H | I12: L | J12: H | K12: L | L12: H | M12: L | N12: H | O12: L | P12: H | Q12: L | R12: H | S12: L | T12: H | U12: L | V12: H | W12: L | X12: H | Y12: L | Z12: H | AA12: L | AB12: H | AC12: L | AD12: H | AE12: L | AF12: H | AG12: L | AH12: H | AI12: L | AJ12: H | AK12: L | AL12: H | AM12: L | AN12: H | AO12: L | AP12: H | AQ12: L | AR12: H | AS12: L | AT12: H | AU12: L | AV12: H | AW12: L
A13: 1 | B13: fdiv.s | C13: f1 | D13: f10 | E13: f2 | F13: IF | H13: ID | J13: D0_E | L13: D0_E | N13: D0_E | P13: D0_E | R13: WB
A14: 2 | B14: fdiv.s | C14: f6 | D14: f1 | E14: f5 | H14: IF | J14: ID | L14: D1_W | N14: D1_W | P14: D1_W | R14: D1_W | T14: D1_E | V14: D1_E | X14: D1_E | Z14: D1_E | AB14: WB
A15: 3 | B15: fadd.s | C15: f6 | D15: f2 | E15: f3 | J15: IF | L15: ID | N15: A0_E | P15: A0_E | R15: WB | T15: WB
A16: 4 | B16: fadd.s | C16: f3 | D16: f8 | E16: f2 | L16: IF | N16: ID | P16: A1_R | R16: A1_E | T16: A1_E | V16: WB
A17: 5 | B17: fdiv.s | C17: f4 | D17: f6 | E17: f1 | N17: IF | P17: ID | R17: ID | T17: ID | V17: D0_R | X17: D0_R | Z17: D0_R | AB17: D0_E | AD17: D0_E | AF17: D0_E | AH17: D0_E | AJ17: WB
A18: 6 | B18: fmul.s | C18: f6 | D18: f10 | E18: f5 | P18: IF | R18: IF | T18: IF | V18: ID | X18: M0_E | Z18: M0_E | AB18: M0_E | AD18: WB

Sheet Soluzione Es.4,5
A1: 4. E’ possibile ridurre il numero di periodi di clock necessario ad eseguire il codice assegnato rispetto al valore risultante dalla risposta al punto 3? Si punti al numero minore possibile di periodi di clock e al numero minimo di modifiche, supponendo di poter apportare solo le seguenti modifiche all’architettura:
A2: o aumento di RS da due a tre in una o più unità funzionali
A3: o raddoppio o triplicazione del CRB per poter eseguire due o tre fasi di WB per clock
A4: o aggiunta di una o più unità funzionali con due RS
A5: Quali modifiche converrebbe apportare? Si motivi la risposta e si disegni la nuova dinamica di esecuzione. (3 punti).
A6: (In caso di raddoppio di una unità funzionale, si ipotizzi di fare lo scheduling a rotazione sulle due unità funzionali uguali)
A7: Descrizione unità di esecuzione | E7: Si completi descivendo la nuova architettura del datapath. Numero di unità funzionali nel datapath, CRB e profondità delle RSS | Q7: Si compilino i campi in arancione con le risposte
A8: Descrizione unità di esecuzione | E8: Numero di unità funzionali nel datapath | H8: Numero di reservation stations per unità funionale.
A9: A: | B9: FADD | C9: 2 | D9: T | E9: 1 | H9: 2 | Q9: Nome
A10: M: | B10: FMUL | C10: 3 | D10: T | E10: 1 | H10: 2 | Q10: Cognome
A11: D: | B11: FDIV | C11: 4 | D11: T | E11: 1 | H11: 2 | Q11: Matricola
A12: X: | B12: FDIV | C12: 4 | D12: T | E12: 2 | H12: 2 | P12: # eventuali unità di esecuzione agguntive.
A13: Y: | D13: T | P13: # eventuali unità di esecuzione agguntive.
A14: Z: | D14: T | P14: # eventuali unità di esecuzione agguntive.
A15: CDB | E15: 2 | P15: # numero CRB complessivo.
A17: Si mostri la dinamica dell’esecuzione nel caso della CPU considerata per il blocco di codice riportato. (Si ipotizzi che, in caso di conflitti sul CRB, la fase di WB dell'unità D abbia la priorità sulle altre).
A18: #Si riempiano le caselle con i seguenti simboli : [IF, ID, A0_W, A0_R, A0_E, A1_W, A1_R, A1_E, M0_W, M0_R, M0_E, M1_W, M1_R, M1_E, D0_W, D0_R, D0_E, D1_W, D1_R, D1_E, WB]
A19: ID | B19: Instr | C19: Rd | D19: Rs1 | E19: Rs2 | F19: T1 | H19: T2 | J19: T3 | L19: T4 | N19: T5 | P19: T6 | R19: T7 | T19: T8 | V19: T9 | X19: T10 | Z19: T11 | AB19: T12 | AD19: T13 | AF19: T14 | AH19: T15 | AJ19: T16 | AL19: T17 | AN19: T18 | AP19: T19 | AR19: T20 | AT19: T21 | AV19: T22
B20: Blocco di codice | F20: H | G20: L | H20: H | I20: L | J20: H | K20: L | L20: H | M20: L | N20: H | O20: L | P20: H | Q20: L | R20: H | S20: L | T20: H | U20: L | V20: H | W20: L | X20: H | Y20: L | Z20: H | AA20: L | AB20: H | AC20: L | AD20: H | AE20: L | AF20: H | AG20: L | AH20: H | AI20: L | AJ20: H | AK20: L | AL20: H | AM20: L | AN20: H | AO20: L | AP20: H | AQ20: L | AR20: H | AS20: L | AT20: H | AU20: L | AV20: H | AW20: L
A21: 1 | B21: ='Soluzione Es.3 '!B13 -> fdiv.s | C21: ='Soluzione Es.3 '!C13 -> f1 | D21: ='Soluzione Es.3 '!D13 -> f10 | E21: ='Soluzione Es.3 '!E13 -> f2 | F21: IF | H21: ID | J21: D0_E | L21: D0_E | N21: D0_E | P21: D0_E | R21: WB
A22: 2 | B22: ='Soluzione Es.3 '!B14 -> fdiv.s | C22: ='Soluzione Es.3 '!C14 -> f6 | D22: ='Soluzione Es.3 '!D14 -> f1 | E22: ='Soluzione Es.3 '!E14 -> f5 | H22: IF | J22: ID | L22: X0_W | N22: X0_W | P22: X0_W | R22: X0_W | T22: X0_E | V22: X0_E | X22: X0_E | Z22: X0_E | AB22: WB
A23: 3 | B23: ='Soluzione Es.3 '!B15 -> fadd.s | C23: ='Soluzione Es.3 '!C15 -> f6 | D23: ='Soluzione Es.3 '!D15 -> f2 | E23: ='Soluzione Es.3 '!E15 -> f3 | J23: IF | L23: ID | N23: A0_E | P23: A0_E | R23: WB
A24: 4 | B24: ='Soluzione Es.3 '!B16 -> fadd.s | C24: ='Soluzione Es.3 '!C16 -> f3 | D24: ='Soluzione Es.3 '!D16 -> f8 | E24: ='Soluzione Es.3 '!E16 -> f2 | L24: IF | N24: ID | P24: A1_R | R24: A1_E | T24: A1_E | V24: WB
A25: 5 | B25: ='Soluzione Es.3 '!B17 -> fdiv.s | C25: ='Soluzione Es.3 '!C17 -> f4 | D25: ='Soluzione Es.3 '!D17 -> f6 | E25: ='Soluzione Es.3 '!E17 -> f1 | N25: IF | P25: ID | R25: D1_W | T25: D0_E | V25: D0_E | X25: D0_E | Z25: D0_E | AB25: WB
A26: 6 | B26: ='Soluzione Es.3 '!B18 -> fmul.s | C26: ='Soluzione Es.3 '!C18 -> f6 | D26: ='Soluzione Es.3 '!D18 -> f10 | E26: ='Soluzione Es.3 '!E18 -> f5 | P26: IF | R26: ID | T26: M0_E | V26: M0_E | X26: M0_E | Z26: WB
A27: 5. Per due punti si disegni il film del registro F6 nel caso della dinamica di esecuzione di cui al punto 4. (Si riempino i campi tag valore di F6)
B28: Registro | F28: Tag | G28: Val | H28: Tag | I28: Val | J28: Tag | K28: Val | L28: Tag | M28: Val | N28: Tag | O28: Val | P28: Tag | Q28: Val | R28: Tag | S28: Val | T28: Tag | U28: Val | V28: Tag | W28: Val | X28: Tag | Y28: Val | Z28: Tag | AA28: Val | AB28: Tag | AC28: Val | AD28: Tag | AE28: Val | AF28: Tag | AG28: Val | AH28: Tag | AI28: Val | AJ28: Tag | AK28: Val | AL28: Tag | AM28: Val | AN28: Tag | AO28: Val | AP28: Tag | AQ28: Val | AR28: Tag | AS28: Val | AT28: Tag | AU28: Val | AV28: Tag | AW28: Val
B29: f6 | F29: 0 | G29: 6 | H29: 0 | I29: 6 | J29: 0 | K29: 6 | L29: X0 | M29: 6 | N29: A0 | O29: 6 | P29: A0 | Q29: 6 | R29: A0 | S29: 6 | T29: M0 | U29: 5 | V29: M0 | W29: 5 | X29: M0 | Y29: 5 | Z29: 0 | AA29: 50 | AB29: 0 | AC29: 50
